<powerbireport uniquename="sz_9ee596d649544e1aae1424db07b6ea79">
  <datasetid>
    <uniquename>new_dataset_e033e43d-e989-432a-a096-96a755e48bb7</uniquename>
  </datasetid>
  <iscustomizable>1</iscustomizable>
  <name>Product Report</name>
  <package mimetype="application/zip">package.pbipkg</package>
  <reportobjectid>d1214786-2028-4c93-aaa7-02421db8e618</reportobjectid>
  <reportoriginalobjectid>89fbcddc-8ed3-455d-897e-581739777351</reportoriginalobjectid>
  <statecode>0</statecode>
  <statuscode>1</statuscode>
</powerbireport>