{
  "properties": {
    "connectionReferences": {
      "shared_approvals": {
        "runtimeSource": "embedded",
        "connection": {
          "connectionReferenceLogicalName": "sz_sharedapprovals_867a0"
        },
        "api": {
          "name": "shared_approvals"
        }
      },
      "shared_office365": {
        "runtimeSource": "embedded",
        "connection": {
          "connectionReferenceLogicalName": "sz_sharedoffice365_4a96d"
        },
        "api": {
          "name": "shared_office365"
        }
      },
      "shared_sharepointonline": {
        "runtimeSource": "embedded",
        "connection": {
          "connectionReferenceLogicalName": "sz_sharedsharepointonline_16016"
        },
        "api": {
          "name": "shared_sharepointonline"
        }
      }
    },
    "definition": {
      "$schema": "https://schema.management.azure.com/providers/Microsoft.Logic/schemas/2016-06-01/workflowdefinition.json#",
      "contentVersion": "1.0.0.0",
      "parameters": {
        "$connections": {
          "defaultValue": {},
          "type": "Object"
        },
        "$authentication": {
          "defaultValue": {},
          "type": "SecureObject"
        }
      },
      "triggers": {
        "When_an_item_is_created": {
          "recurrence": {
            "frequency": "Minute",
            "interval": 5
          },
          "splitOn": "@triggerOutputs()?['body/value']",
          "metadata": {
            "operationMetadataId": "52b2d27c-65b9-41e2-bbaa-1c3cd4fed0e3"
          },
          "type": "OpenApiConnection",
          "inputs": {
            "host": {
              "apiId": "/providers/Microsoft.PowerApps/apis/shared_sharepointonline",
              "connectionName": "shared_sharepointonline",
              "operationId": "GetOnNewItems"
            },
            "parameters": {
              "dataset": "https://iqbgroup-my.sharepoint.com/personal/szondo_iqbusiness_net/",
              "table": "80a51b53-c77e-44ec-b3c4-2cf3cfbd92de"
            },
            "authentication": "@parameters('$authentication')"
          },
          "conditions": [
            {
              "expression": "@equals(triggerOutputs()?['body/Status/Value'], 'Pending Approval')"
            }
          ]
        }
      },
      "actions": {
        "Start_and_wait_for_an_approval": {
          "runAfter": {
            "Get_Department_Details": [
              "Succeeded"
            ]
          },
          "metadata": {
            "operationMetadataId": "ce206599-15f6-47b1-b59a-f6eb49fdb124"
          },
          "type": "OpenApiConnectionWebhook",
          "inputs": {
            "host": {
              "apiId": "/providers/Microsoft.PowerApps/apis/shared_approvals",
              "connectionName": "shared_approvals",
              "operationId": "StartAndWaitForAnApproval"
            },
            "parameters": {
              "approvalType": "BasicAwaitAll",
              "WebhookApprovalCreationInput/title": "New Product",
              "WebhookApprovalCreationInput/assignedTo": "@{variables('Approver 1')}; @{variables('Approver 2')};",
              "WebhookApprovalCreationInput/details": "Product Name: @{triggerOutputs()?['body/Title']}\nDescription: @{triggerOutputs()?['body/Description']}\nDepartment: @{triggerOutputs()?['body/Department/Id']}\nRegion: @{outputs('Get_Department_Details')?['body/Headquarter_x0020_Region']}",
              "WebhookApprovalCreationInput/enableNotifications": true,
              "WebhookApprovalCreationInput/enableReassignment": true
            },
            "authentication": "@parameters('$authentication')"
          }
        },
        "Initialize_Approver_1": {
          "runAfter": {},
          "metadata": {
            "operationMetadataId": "7ff72d5e-22a1-4ef3-80e7-c3de9e640e4a"
          },
          "type": "InitializeVariable",
          "inputs": {
            "variables": [
              {
                "name": "Approver 1",
                "type": "string",
                "value": "jacqui.muller@dimensiondata.com"
              }
            ]
          }
        },
        "Initialize_Approver_2": {
          "runAfter": {
            "Initialize_Approver_1": [
              "Succeeded"
            ]
          },
          "metadata": {
            "operationMetadataId": "7bfa9d2f-5366-455f-928b-7e65ecb176f2"
          },
          "type": "InitializeVariable",
          "inputs": {
            "variables": [
              {
                "name": "Approver 2",
                "type": "string",
                "value": "tlhogi.molwana@dimensiondata.com"
              }
            ]
          }
        },
        "Condition": {
          "actions": {
            "Send_an_email_for_Approved_Product": {
              "runAfter": {},
              "metadata": {
                "operationMetadataId": "68dbdb12-9cd1-4abc-b6dc-b14d1461324e"
              },
              "type": "OpenApiConnection",
              "inputs": {
                "host": {
                  "apiId": "/providers/Microsoft.PowerApps/apis/shared_office365",
                  "connectionName": "shared_office365",
                  "operationId": "SendEmailV2"
                },
                "parameters": {
                  "emailMessage/To": "@outputs('Get_Department_Details')?['body/Author/Email']",
                  "emailMessage/Subject": "New Product Approved",
                  "emailMessage/Body": "<p>Your Product has been approved.<br>\nComments: @{variables('Comments')}<br>\n<br>\nProduct Name: @{triggerOutputs()?['body/Title']}<br>\nDescription: @{triggerOutputs()?['body/Description']}<br>\nDepartment: @{triggerOutputs()?['body/Department/Id']}<br>\nRegion: @{outputs('Get_Department_Details')?['body/Headquarter_x0020_Region']}</p>",
                  "emailMessage/Importance": "Normal"
                },
                "authentication": "@parameters('$authentication')"
              }
            },
            "Update_product_to_approved": {
              "runAfter": {
                "Send_an_email_for_Approved_Product": [
                  "Succeeded"
                ]
              },
              "metadata": {
                "operationMetadataId": "08a3ddff-d7e2-4cc2-8002-a997fdfc6ab6"
              },
              "type": "OpenApiConnection",
              "inputs": {
                "host": {
                  "apiId": "/providers/Microsoft.PowerApps/apis/shared_sharepointonline",
                  "connectionName": "shared_sharepointonline",
                  "operationId": "PatchItem"
                },
                "parameters": {
                  "dataset": "https://iqbgroup-my.sharepoint.com/personal/szondo_iqbusiness_net/",
                  "table": "80a51b53-c77e-44ec-b3c4-2cf3cfbd92de",
                  "id": "@triggerOutputs()?['body/ID']",
                  "item/Title": "@triggerOutputs()?['body/Title']",
                  "item/Status/Value": "Approved"
                },
                "authentication": "@parameters('$authentication')"
              }
            }
          },
          "runAfter": {
            "Apply_to_each": [
              "Succeeded"
            ]
          },
          "else": {
            "actions": {
              "Send_an_email_for_rejected_Product": {
                "runAfter": {},
                "metadata": {
                  "operationMetadataId": "b7032c0c-1294-4e9b-bf65-c46bfc35b64b"
                },
                "type": "OpenApiConnection",
                "inputs": {
                  "host": {
                    "apiId": "/providers/Microsoft.PowerApps/apis/shared_office365",
                    "connectionName": "shared_office365",
                    "operationId": "SendEmailV2"
                  },
                  "parameters": {
                    "emailMessage/To": "@triggerOutputs()?['body/Author/Email']",
                    "emailMessage/Subject": "New Product Rejected",
                    "emailMessage/Body": "<p>Your Product has been rejected.<br>\nComments: @{variables('Comments')}<br>\n<br>\nProduct Name: @{triggerOutputs()?['body/Title']}<br>\nDescription: @{triggerOutputs()?['body/Description']}<br>\nDepartment: @{triggerOutputs()?['body/Department/Id']}<br>\nRegion: @{outputs('Get_Department_Details')?['body/Headquarter_x0020_Region']}</p>",
                    "emailMessage/Importance": "Normal"
                  },
                  "authentication": "@parameters('$authentication')"
                }
              },
              "Update_product_to_rejected": {
                "runAfter": {
                  "Send_an_email_for_rejected_Product": [
                    "Succeeded"
                  ]
                },
                "metadata": {
                  "operationMetadataId": "a9a78dd0-92d7-45ce-8e65-22e2e5825dd5"
                },
                "type": "OpenApiConnection",
                "inputs": {
                  "host": {
                    "apiId": "/providers/Microsoft.PowerApps/apis/shared_sharepointonline",
                    "connectionName": "shared_sharepointonline",
                    "operationId": "PatchItem"
                  },
                  "parameters": {
                    "dataset": "https://iqbgroup-my.sharepoint.com/personal/szondo_iqbusiness_net/",
                    "table": "80a51b53-c77e-44ec-b3c4-2cf3cfbd92de",
                    "id": "@triggerOutputs()?['body/ID']",
                    "item/Title": "@triggerOutputs()?['body/Title']",
                    "item/Status/Value": "Rejected"
                  },
                  "authentication": "@parameters('$authentication')"
                }
              }
            }
          },
          "expression": {
            "contains": [
              "@outputs('Start_and_wait_for_an_approval')?['body/outcome']",
              "Approve"
            ]
          },
          "metadata": {
            "operationMetadataId": "c83ee9b3-2838-43e2-bec8-c4f82bd9a450"
          },
          "type": "If"
        },
        "Initialize_Comments": {
          "runAfter": {
            "Initialize_Approver_2": [
              "Succeeded"
            ]
          },
          "metadata": {
            "operationMetadataId": "61b41b37-7c17-4873-a958-4506c229057f"
          },
          "type": "InitializeVariable",
          "inputs": {
            "variables": [
              {
                "name": "Comments",
                "type": "string",
                "value": "None"
              }
            ]
          }
        },
        "Apply_to_each": {
          "foreach": "@outputs('Start_and_wait_for_an_approval')?['body/responses']",
          "actions": {
            "Append_to_Comments": {
              "runAfter": {},
              "metadata": {
                "operationMetadataId": "a0e96d7f-a527-4043-b44e-43c43568b68e"
              },
              "type": "AppendToStringVariable",
              "inputs": {
                "name": "Comments",
                "value": "@{items('Apply_to_each')?['responder']}: @{items('Apply_to_each')?['comments']}                                               "
              }
            }
          },
          "runAfter": {
            "Start_and_wait_for_an_approval": [
              "Succeeded"
            ]
          },
          "metadata": {
            "operationMetadataId": "a3b5a337-1588-44a4-b9d3-361f735cad7e"
          },
          "type": "Foreach"
        },
        "Get_Department_Details": {
          "runAfter": {
            "Initialize_Comments": [
              "Succeeded"
            ]
          },
          "metadata": {
            "operationMetadataId": "2ddc60b5-4a08-4687-abaa-378c598092ad"
          },
          "type": "OpenApiConnection",
          "inputs": {
            "host": {
              "apiId": "/providers/Microsoft.PowerApps/apis/shared_sharepointonline",
              "connectionName": "shared_sharepointonline",
              "operationId": "GetItem"
            },
            "parameters": {
              "dataset": "https://iqbgroup-my.sharepoint.com/personal/szondo_iqbusiness_net/",
              "table": "c11cffdc-5a91-4e3b-8024-ef041caa1c11",
              "id": "@triggerOutputs()?['body/Department/Id']"
            },
            "authentication": "@parameters('$authentication')"
          }
        }
      }
    },
    "templateName": null
  },
  "schemaVersion": "1.0.0.0"
}