<powerbidataset uniquename="new_dataset_e033e43d-e989-432a-a096-96a755e48bb7">
  <datasetobjectid>0106d0d1-4eda-4b87-b488-1cbb24f79938</datasetobjectid>
  <datasetoriginalobjectid>22e63656-473c-4942-ab1c-e78da0b2955a</datasetoriginalobjectid>
  <dataverseconnectionupdateenabled>0</dataverseconnectionupdateenabled>
  <iscustomizable>1</iscustomizable>
  <name>Product Report</name>
  <package mimetype="application/zip">package.pbipkg</package>
  <statecode>0</statecode>
  <statuscode>1</statuscode>
</powerbidataset>